geoid,tract_name,total_pop,median_hh_income,poverty_count,bachelors_up_count,owner_occupied,nonwhite_count,median_gross_rent
39035101101,Census Tract 1011.01; Cuyahoga County; Ohio,1935,33838,761,348,220,909,866
39035101102,Census Tract 1011.02; Cuyahoga County; Ohio,4032,59053,745,1583,892,995,1046
39035101201,Census Tract 1012.01; Cuyahoga County; Ohio,2570,55315,488,908,427,847,976
39035101300,Census Tract 1013; Cuyahoga County; Ohio,1660,42143,288,328,58,707,825
39035101400,Census Tract 1014; Cuyahoga County; Ohio,2113,41743,600,46,334,1277,967
39035101501,Census Tract 1015.01; Cuyahoga County; Ohio,2090,26438,886,213,201,1185,765
39035101603,Census Tract 1016.03; Cuyahoga County; Ohio,2095,37650,570,211,458,1148,1324
39035101700,Census Tract 1017; Cuyahoga County; Ohio,2820,NA,1334,190,221,2046,1086
39035101800,Census Tract 1018; Cuyahoga County; Ohio,2269,36653,563,455,363,731,896
39035101901,Census Tract 1019.01; Cuyahoga County; Ohio,1360,51389,465,231,227,649,972
39035102101,Census Tract 1021.01; Cuyahoga County; Ohio,3272,35445,1386,288,442,2221,887
39035102102,Census Tract 1021.02; Cuyahoga County; Ohio,3019,53221,591,234,653,1487,966
39035102200,Census Tract 1022; Cuyahoga County; Ohio,3088,50244,848,429,493,1726,988
39035102300,Census Tract 1023; Cuyahoga County; Ohio,1719,31779,505,98,287,1115,865
39035102401,Census Tract 1024.01; Cuyahoga County; Ohio,2138,47723,494,90,402,1351,1117
39035102402,Census Tract 1024.02; Cuyahoga County; Ohio,2548,NA,1123,359,495,1483,1024
39035102700,Census Tract 1027; Cuyahoga County; Ohio,3368,36250,1092,298,584,2105,967
39035102800,Census Tract 1028; Cuyahoga County; Ohio,1797,37989,867,36,131,1250,1000
39035102900,Census Tract 1029; Cuyahoga County; Ohio,2209,31818,971,189,349,1579,1092
39035103300,Census Tract 1033; Cuyahoga County; Ohio,2342,NA,1345,654,95,1376,1141
39035103500,Census Tract 1035; Cuyahoga County; Ohio,1643,75565,123,857,421,345,1158
39035103602,Census Tract 1036.02; Cuyahoga County; Ohio,3784,63198,707,2031,627,907,1481
39035103800,Census Tract 1038; Cuyahoga County; Ohio,1423,48631,459,279,330,643,1051
39035104400,Census Tract 1044; Cuyahoga County; Ohio,1285,63058,337,529,239,581,1289
39035104800,Census Tract 1048; Cuyahoga County; Ohio,1648,50536,202,283,210,621,1134
39035105100,Census Tract 1051; Cuyahoga County; Ohio,3223,33184,1611,51,779,1825,882
39035105300,Census Tract 1053; Cuyahoga County; Ohio,3344,32880,1785,236,557,1509,996
39035105400,Census Tract 1054; Cuyahoga County; Ohio,3024,40138,811,435,655,2009,915
39035105500,Census Tract 1055; Cuyahoga County; Ohio,1948,36066,580,159,176,1232,774
39035105602,Census Tract 1056.02; Cuyahoga County; Ohio,2271,37880,552,117,455,945,927
39035105700,Census Tract 1057; Cuyahoga County; Ohio,4066,35680,925,495,664,2333,734
39035105900,Census Tract 1059; Cuyahoga County; Ohio,2518,71154,262,536,987,498,884
39035106100,Census Tract 1061; Cuyahoga County; Ohio,3910,55720,882,734,1188,1427,1004
39035106200,Census Tract 1062; Cuyahoga County; Ohio,3619,42492,996,455,864,1554,1021
39035106500,Census Tract 1065; Cuyahoga County; Ohio,2715,59076,498,201,684,683,1048
39035106600,Census Tract 1066; Cuyahoga County; Ohio,3380,39722,736,226,708,1548,789
39035106800,Census Tract 1068; Cuyahoga County; Ohio,3004,41392,1063,274,487,1158,871
39035106900,Census Tract 1069; Cuyahoga County; Ohio,3289,50912,696,559,905,953,902
39035107000,Census Tract 1070; Cuyahoga County; Ohio,1518,98833,48,502,723,254,1031
39035107101,Census Tract 1071.01; Cuyahoga County; Ohio,3978,84602,205,1401,195,971,1696
39035107701,Census Tract 1077.01; Cuyahoga County; Ohio,5963,60483,1242,3162,89,2465,1609
39035107802,Census Tract 1078.02; Cuyahoga County; Ohio,4184,15078,2556,1041,41,2999,1098
39035108201,Census Tract 1082.01; Cuyahoga County; Ohio,1287,38466,446,246,64,732,1140
39035108301,Census Tract 1083.01; Cuyahoga County; Ohio,1596,40742,410,353,199,1241,942
39035108400,Census Tract 1084; Cuyahoga County; Ohio,1081,27985,473,42,239,797,1255
39035108701,Census Tract 1087.01; Cuyahoga County; Ohio,4372,21731,2670,356,228,3968,499
39035109301,Census Tract 1093.01; Cuyahoga County; Ohio,1324,11489,905,117,136,1231,257
39035109701,Census Tract 1097.01; Cuyahoga County; Ohio,2549,15291,1401,23,12,2072,739
39035109801,Census Tract 1098.01; Cuyahoga County; Ohio,1922,17698,1424,59,28,1891,267
39035110901,Census Tract 1109.01; Cuyahoga County; Ohio,2692,43808,904,143,626,1546,966
39035111202,Census Tract 1112.02; Cuyahoga County; Ohio,781,49444,98,136,106,597,891
39035111401,Census Tract 1114.01; Cuyahoga County; Ohio,914,15890,444,75,174,914,773
39035111700,Census Tract 1117; Cuyahoga County; Ohio,835,20036,401,86,192,788,1070
39035112100,Census Tract 1121; Cuyahoga County; Ohio,1542,13631,634,68,228,1393,408
39035112200,Census Tract 1122; Cuyahoga County; Ohio,903,27049,460,21,208,903,818
39035112301,Census Tract 1123.01; Cuyahoga County; Ohio,1468,NA,729,48,166,1378,NA
39035114501,Census Tract 1145.01; Cuyahoga County; Ohio,685,32969,268,69,250,657,676
39035114600,Census Tract 1146; Cuyahoga County; Ohio,1032,34380,121,42,141,843,717
39035114800,Census Tract 1148; Cuyahoga County; Ohio,2233,11853,1754,51,19,2212,330
39035115400,Census Tract 1154; Cuyahoga County; Ohio,1964,43152,616,157,248,1158,1011
39035115700,Census Tract 1157; Cuyahoga County; Ohio,1464,37120,449,47,323,1009,846
39035115800,Census Tract 1158; Cuyahoga County; Ohio,2577,44071,439,167,451,1503,918
39035115900,Census Tract 1159; Cuyahoga County; Ohio,4015,55057,531,563,883,2743,987
39035116300,Census Tract 1163; Cuyahoga County; Ohio,1253,26146,593,105,427,1203,716
39035116400,Census Tract 1164; Cuyahoga County; Ohio,2054,26531,797,88,519,1983,785
39035116500,Census Tract 1165; Cuyahoga County; Ohio,2452,30324,701,130,386,2408,1013
39035116600,Census Tract 1166; Cuyahoga County; Ohio,1784,42083,419,169,356,1782,1041
39035116700,Census Tract 1167; Cuyahoga County; Ohio,1553,34670,580,42,228,1548,1026
39035116800,Census Tract 1168; Cuyahoga County; Ohio,1472,37037,427,179,446,1472,923
39035116900,Census Tract 1169; Cuyahoga County; Ohio,1317,35384,239,181,249,1317,1127
39035117101,Census Tract 1171.01; Cuyahoga County; Ohio,2144,41385,481,543,491,1446,871
39035117102,Census Tract 1171.02; Cuyahoga County; Ohio,1136,36955,238,141,188,1101,1144
39035117201,Census Tract 1172.01; Cuyahoga County; Ohio,3077,15734,1678,215,383,2551,470
39035117203,Census Tract 1172.03; Cuyahoga County; Ohio,1556,29390,436,138,222,1333,878
39035117300,Census Tract 1173; Cuyahoga County; Ohio,1850,26953,831,72,312,1744,959
39035117400,Census Tract 1174; Cuyahoga County; Ohio,1293,35000,201,82,292,1141,877
39035117500,Census Tract 1175; Cuyahoga County; Ohio,1996,36581,379,75,252,1840,964
39035117600,Census Tract 1176; Cuyahoga County; Ohio,3501,40236,1130,222,594,2774,1048
39035117700,Census Tract 1177; Cuyahoga County; Ohio,5033,34088,1186,925,1417,2872,838
39035117800,Census Tract 1178; Cuyahoga County; Ohio,1811,32596,500,110,380,1499,1034
39035117900,Census Tract 1179; Cuyahoga County; Ohio,2036,32500,403,247,327,1810,933
39035118101,Census Tract 1181.01; Cuyahoga County; Ohio,1862,42112,483,332,381,1753,909
39035118200,Census Tract 1182; Cuyahoga County; Ohio,1532,43077,506,209,358,1516,1027
39035118301,Census Tract 1183.01; Cuyahoga County; Ohio,2776,44795,436,381,325,2523,1038
39035118602,Census Tract 1186.02; Cuyahoga County; Ohio,1367,7139,729,113,70,1308,399
39035118800,Census Tract 1188; Cuyahoga County; Ohio,2884,30978,822,936,183,1238,1156
39035118900,Census Tract 1189; Cuyahoga County; Ohio,1398,24968,661,352,78,1081,1509
39035119401,Census Tract 1194.01; Cuyahoga County; Ohio,1944,61645,426,878,612,1186,865
39035119402,Census Tract 1194.02; Cuyahoga County; Ohio,1464,25865,640,96,269,1415,962
39035119501,Census Tract 1195.01; Cuyahoga County; Ohio,2643,55878,428,1139,574,1995,1102
39035119502,Census Tract 1195.02; Cuyahoga County; Ohio,1547,29420,484,324,186,1306,539
39035119600,Census Tract 1196; Cuyahoga County; Ohio,1683,34234,252,217,325,1469,NA
39035119701,Census Tract 1197.01; Cuyahoga County; Ohio,1964,30991,530,343,380,1929,782
39035119702,Census Tract 1197.02; Cuyahoga County; Ohio,1523,19303,534,173,250,1410,852
39035119800,Census Tract 1198; Cuyahoga County; Ohio,2699,42500,710,261,789,2695,1355
39035119900,Census Tract 1199; Cuyahoga County; Ohio,1615,28810,893,180,487,1553,805
39035120200,Census Tract 1202; Cuyahoga County; Ohio,1634,32273,434,116,384,1625,681
39035120400,Census Tract 1204; Cuyahoga County; Ohio,1345,23816,773,119,332,1304,632
39035120500,Census Tract 1205; Cuyahoga County; Ohio,1806,41090,324,117,353,1806,886
39035120600,Census Tract 1206; Cuyahoga County; Ohio,1463,40582,204,94,458,1452,943
39035120701,Census Tract 1207.01; Cuyahoga County; Ohio,1445,18594,698,93,370,1435,985
39035120702,Census Tract 1207.02; Cuyahoga County; Ohio,1004,36875,311,68,321,1001,980
39035120801,Census Tract 1208.01; Cuyahoga County; Ohio,1346,21839,807,195,416,1284,1275
39035120802,Census Tract 1208.02; Cuyahoga County; Ohio,2099,15890,1275,97,724,2047,1152
39035121100,Census Tract 1211; Cuyahoga County; Ohio,1617,46136,230,194,359,1616,1146
39035121200,Census Tract 1212; Cuyahoga County; Ohio,1383,26500,586,107,466,1353,870
39035121300,Census Tract 1213; Cuyahoga County; Ohio,1951,25587,857,78,419,1874,632
39035121401,Census Tract 1214.01; Cuyahoga County; Ohio,1212,34390,410,58,320,1194,1147
39035121403,Census Tract 1214.03; Cuyahoga County; Ohio,2536,40111,563,61,618,2457,845
39035121500,Census Tract 1215; Cuyahoga County; Ohio,2186,39167,422,358,554,2138,1072
39035121700,Census Tract 1217; Cuyahoga County; Ohio,4050,57639,1178,553,974,4018,1274
39035121800,Census Tract 1218; Cuyahoga County; Ohio,1426,45648,360,153,574,1426,842
39035121900,Census Tract 1219; Cuyahoga County; Ohio,1010,51131,160,169,398,1010,1087
39035122100,Census Tract 1221; Cuyahoga County; Ohio,3143,42550,855,422,882,3061,820
39035122200,Census Tract 1222; Cuyahoga County; Ohio,1656,50490,550,227,523,1611,1049
39035122300,Census Tract 1223; Cuyahoga County; Ohio,1769,25359,622,237,414,1769,931
39035123100,Census Tract 1231; Cuyahoga County; Ohio,2574,100455,224,994,890,403,1146
39035123200,Census Tract 1232; Cuyahoga County; Ohio,2718,80208,374,890,1193,207,1693
39035123400,Census Tract 1234; Cuyahoga County; Ohio,3673,91979,248,1705,1171,407,780
39035123501,Census Tract 1235.01; Cuyahoga County; Ohio,3655,47717,759,225,659,1502,1054
39035123502,Census Tract 1235.02; Cuyahoga County; Ohio,2816,43542,444,447,497,1110,856
39035123601,Census Tract 1236.01; Cuyahoga County; Ohio,3249,103700,180,1007,1139,661,1281
39035123602,Census Tract 1236.02; Cuyahoga County; Ohio,3286,48100,1101,689,782,1299,782
39035123603,Census Tract 1236.03; Cuyahoga County; Ohio,2624,55357,244,716,861,448,744
39035123700,Census Tract 1237; Cuyahoga County; Ohio,2535,70588,286,501,778,697,1093
39035123800,Census Tract 1238; Cuyahoga County; Ohio,2418,25361,1426,198,312,1703,474
39035123900,Census Tract 1239; Cuyahoga County; Ohio,3703,82120,627,452,945,1173,950
39035124100,Census Tract 1241; Cuyahoga County; Ohio,5210,57056,1327,433,1300,2563,1114
39035124201,Census Tract 1242.01; Cuyahoga County; Ohio,2637,52344,382,216,732,1268,977
39035124202,Census Tract 1242.02; Cuyahoga County; Ohio,1843,50046,221,217,429,830,783
39035124300,Census Tract 1243; Cuyahoga County; Ohio,4375,54926,524,305,1157,2338,1195
39035124500,Census Tract 1245; Cuyahoga County; Ohio,3727,71750,995,345,973,1567,1118
39035124600,Census Tract 1246; Cuyahoga County; Ohio,4295,44603,1470,326,925,2022,1165
39035126100,Census Tract 1261; Cuyahoga County; Ohio,3206,38389,547,538,664,3017,1037
39035127501,Census Tract 1275.01; Cuyahoga County; Ohio,2155,47125,572,249,583,2106,966
39035130103,Census Tract 1301.03; Cuyahoga County; Ohio,4789,155435,81,2186,1584,478,1842
39035130104,Census Tract 1301.04; Cuyahoga County; Ohio,4374,168160,124,2103,1462,152,1613
39035130105,Census Tract 1301.05; Cuyahoga County; Ohio,3741,103036,319,1565,1278,329,809
39035130106,Census Tract 1301.06; Cuyahoga County; Ohio,3080,123068,108,1550,1287,259,1469
39035131103,Census Tract 1311.03; Cuyahoga County; Ohio,5330,145449,223,2224,1600,1312,2694
39035131104,Census Tract 1311.04; Cuyahoga County; Ohio,4870,76000,182,2150,710,1184,2065
39035131105,Census Tract 1311.05; Cuyahoga County; Ohio,3629,117102,98,2270,877,1046,1928
39035132100,Census Tract 1321; Cuyahoga County; Ohio,4321,59922,648,519,1372,3032,699
39035132200,Census Tract 1322; Cuyahoga County; Ohio,2928,76322,114,589,1019,1428,1421
39035132301,Census Tract 1323.01; Cuyahoga County; Ohio,3733,47772,678,373,708,2695,1126
39035132302,Census Tract 1323.02; Cuyahoga County; Ohio,1949,58056,320,288,536,1464,979
39035133103,Census Tract 1331.03; Cuyahoga County; Ohio,3114,45600,320,407,656,2659,1096
39035133104,Census Tract 1331.04; Cuyahoga County; Ohio,3001,39529,803,454,332,2489,999
39035134100,Census Tract 1341; Cuyahoga County; Ohio,1439,59522,105,365,302,335,1156
39035134203,Census Tract 1342.03; Cuyahoga County; Ohio,3317,134022,135,977,1216,669,NA
39035134204,Census Tract 1342.04; Cuyahoga County; Ohio,3764,51384,650,869,979,606,1008
39035134205,Census Tract 1342.05; Cuyahoga County; Ohio,2376,77948,142,491,955,226,1471
39035134206,Census Tract 1342.06; Cuyahoga County; Ohio,3450,82019,149,849,1046,649,1130
39035134300,Census Tract 1343; Cuyahoga County; Ohio,3872,65388,128,832,770,1083,895
39035135103,Census Tract 1351.03; Cuyahoga County; Ohio,2513,79091,258,960,823,205,1191
39035135104,Census Tract 1351.04; Cuyahoga County; Ohio,4161,131761,101,1894,1509,320,3228
39035135105,Census Tract 1351.05; Cuyahoga County; Ohio,5191,144875,75,2390,1714,983,1687
39035135106,Census Tract 1351.06; Cuyahoga County; Ohio,1827,151375,38,759,611,177,NA
39035136101,Census Tract 1361.01; Cuyahoga County; Ohio,5905,79331,241,2001,2082,596,1071
39035136103,Census Tract 1361.03; Cuyahoga County; Ohio,6355,114145,30,2449,2296,748,NA
39035136104,Census Tract 1361.04; Cuyahoga County; Ohio,3491,81523,439,1263,790,548,1091
39035136105,Census Tract 1361.05; Cuyahoga County; Ohio,4020,131667,290,1749,1778,637,NA
39035137101,Census Tract 1371.01; Cuyahoga County; Ohio,2593,58806,139,287,498,1367,929
39035137102,Census Tract 1371.02; Cuyahoga County; Ohio,4034,69670,564,539,1155,1666,871
39035137103,Census Tract 1371.03; Cuyahoga County; Ohio,4531,76023,310,799,1352,1615,1356
39035138105,Census Tract 1381.05; Cuyahoga County; Ohio,1349,73011,207,196,324,516,879
39035138106,Census Tract 1381.06; Cuyahoga County; Ohio,2694,55081,431,338,1030,442,1075
39035138107,Census Tract 1381.07; Cuyahoga County; Ohio,1863,79970,41,163,690,258,1299
39035138108,Census Tract 1381.08; Cuyahoga County; Ohio,4318,70250,309,474,1549,771,1426
39035138109,Census Tract 1381.09; Cuyahoga County; Ohio,4234,69767,286,405,1547,581,1131
39035138110,Census Tract 1381.10; Cuyahoga County; Ohio,3826,76292,354,621,1470,316,1500
39035140100,Census Tract 1401; Cuyahoga County; Ohio,1322,62610,441,411,432,917,1325
39035140301,Census Tract 1403.01; Cuyahoga County; Ohio,1755,50529,609,303,573,1659,1320
39035140302,Census Tract 1403.02; Cuyahoga County; Ohio,2504,68245,117,530,800,1980,819
39035140400,Census Tract 1404; Cuyahoga County; Ohio,3554,79361,241,1020,989,1967,1096
39035140500,Census Tract 1405; Cuyahoga County; Ohio,2993,70578,294,906,696,2174,1008
39035140600,Census Tract 1406; Cuyahoga County; Ohio,1070,67159,44,523,355,549,1833
39035140701,Census Tract 1407.01; Cuyahoga County; Ohio,2527,53521,621,650,418,2115,1411
39035140702,Census Tract 1407.02; Cuyahoga County; Ohio,2259,59323,1055,554,266,1639,1525
39035140800,Census Tract 1408; Cuyahoga County; Ohio,3821,56351,829,1120,680,1647,1243
39035140900,Census Tract 1409; Cuyahoga County; Ohio,2072,81875,272,775,610,1320,1622
39035141000,Census Tract 1410; Cuyahoga County; Ohio,887,40521,324,238,0,633,1178
39035141100,Census Tract 1411; Cuyahoga County; Ohio,3678,56957,653,2223,622,1576,1120
39035141200,Census Tract 1412; Cuyahoga County; Ohio,3103,72866,222,1715,929,1114,1170
39035141300,Census Tract 1413; Cuyahoga County; Ohio,2771,111429,301,1265,555,973,1884
39035141400,Census Tract 1414; Cuyahoga County; Ohio,2492,161000,76,1589,919,465,1537
39035141500,Census Tract 1415; Cuyahoga County; Ohio,1521,89833,188,864,379,479,1242
39035141601,Census Tract 1416.01; Cuyahoga County; Ohio,1479,116250,164,867,489,171,1600
39035141602,Census Tract 1416.02; Cuyahoga County; Ohio,1481,85000,242,580,445,1007,1171
39035141700,Census Tract 1417; Cuyahoga County; Ohio,1427,108958,49,790,592,269,1740
39035150100,Census Tract 1501; Cuyahoga County; Ohio,1684,28116,383,191,510,1652,639
39035150300,Census Tract 1503; Cuyahoga County; Ohio,1000,NA,578,117,193,1000,853
39035150400,Census Tract 1504; Cuyahoga County; Ohio,1218,21007,351,133,226,1023,NA
39035151200,Census Tract 1512; Cuyahoga County; Ohio,1505,16225,758,126,280,1332,779
39035151300,Census Tract 1513; Cuyahoga County; Ohio,1784,13402,692,388,351,1439,292
39035151500,Census Tract 1515; Cuyahoga County; Ohio,860,28173,350,53,116,757,841
39035151600,Census Tract 1516; Cuyahoga County; Ohio,1502,24122,659,254,45,1305,788
39035151700,Census Tract 1517; Cuyahoga County; Ohio,1286,NA,369,192,262,1277,912
39035151800,Census Tract 1518; Cuyahoga County; Ohio,1348,30625,504,65,225,1329,818
39035152101,Census Tract 1521.01; Cuyahoga County; Ohio,2379,100000,116,811,921,947,1563
39035152102,Census Tract 1521.02; Cuyahoga County; Ohio,5970,64881,349,1200,1019,4872,1249
39035152201,Census Tract 1522.01; Cuyahoga County; Ohio,3421,53494,422,560,210,2661,928
39035152202,Census Tract 1522.02; Cuyahoga County; Ohio,3972,46034,949,548,1169,2782,1100
39035152301,Census Tract 1523.01; Cuyahoga County; Ohio,2258,43777,538,284,264,1430,1004
39035152302,Census Tract 1523.02; Cuyahoga County; Ohio,3945,68085,543,648,1074,2503,1345
39035152303,Census Tract 1523.03; Cuyahoga County; Ohio,4622,60915,288,539,1303,3281,1271
39035152400,Census Tract 1524; Cuyahoga County; Ohio,1849,60167,578,121,405,1392,1364
39035152501,Census Tract 1525.01; Cuyahoga County; Ohio,3632,58162,471,291,922,2678,1384
39035152502,Census Tract 1525.02; Cuyahoga County; Ohio,2590,60518,517,445,514,1994,1201
39035152605,Census Tract 1526.05; Cuyahoga County; Ohio,4605,47384,742,783,1163,3434,850
39035152701,Census Tract 1527.01; Cuyahoga County; Ohio,1848,18340,711,63,91,1631,809
39035152702,Census Tract 1527.02; Cuyahoga County; Ohio,2376,48194,355,583,684,1822,1002
39035152703,Census Tract 1527.03; Cuyahoga County; Ohio,1846,68304,26,357,502,1219,1188
39035153103,Census Tract 1531.03; Cuyahoga County; Ohio,2420,71354,330,804,945,377,1442
39035153104,Census Tract 1531.04; Cuyahoga County; Ohio,3002,96625,56,1116,1036,285,1590
39035153105,Census Tract 1531.05; Cuyahoga County; Ohio,3618,60670,289,1285,918,522,1030
39035153106,Census Tract 1531.06; Cuyahoga County; Ohio,3815,109891,128,1474,1386,397,980
39035153107,Census Tract 1531.07; Cuyahoga County; Ohio,4163,66667,794,1417,1141,450,943
39035154100,Census Tract 1541; Cuyahoga County; Ohio,2037,48714,520,209,459,1131,1137
39035154200,Census Tract 1542; Cuyahoga County; Ohio,1367,38234,365,140,372,804,791
39035154400,Census Tract 1544; Cuyahoga County; Ohio,2446,50941,397,300,680,1621,1356
39035154501,Census Tract 1545.01; Cuyahoga County; Ohio,3871,54294,350,285,881,2418,885
39035154502,Census Tract 1545.02; Cuyahoga County; Ohio,3327,74021,795,376,1076,2303,1046
39035154601,Census Tract 1546.01; Cuyahoga County; Ohio,5461,64859,893,511,896,3850,1151
39035154603,Census Tract 1546.03; Cuyahoga County; Ohio,3194,55760,964,272,922,2292,1100
39035154604,Census Tract 1546.04; Cuyahoga County; Ohio,3993,78920,854,536,1010,2651,1395
39035155101,Census Tract 1551.01; Cuyahoga County; Ohio,5456,134091,161,2522,2203,806,NA
39035155102,Census Tract 1551.02; Cuyahoga County; Ohio,3167,101714,133,1254,1215,630,1789
39035156101,Census Tract 1561.01; Cuyahoga County; Ohio,1520,120795,58,516,471,23,1456
39035156102,Census Tract 1561.02; Cuyahoga County; Ohio,6014,115211,126,2129,2351,508,1345
39035160100,Census Tract 1601; Cuyahoga County; Ohio,1742,132115,73,1004,560,184,1206
39035160200,Census Tract 1602; Cuyahoga County; Ohio,2294,66579,263,1087,474,398,1087
39035160300,Census Tract 1603; Cuyahoga County; Ohio,1778,96250,91,934,698,175,1315
39035160400,Census Tract 1604; Cuyahoga County; Ohio,3141,81944,245,1404,888,410,1171
39035160500,Census Tract 1605; Cuyahoga County; Ohio,3899,45809,389,1400,699,376,844
39035160602,Census Tract 1606.02; Cuyahoga County; Ohio,2845,49405,582,954,423,800,979
39035160603,Census Tract 1606.03; Cuyahoga County; Ohio,1409,47556,142,775,141,241,986
39035160604,Census Tract 1606.04; Cuyahoga County; Ohio,3565,54274,497,2063,1291,826,1193
39035160900,Census Tract 1609; Cuyahoga County; Ohio,3349,74156,172,1834,1118,334,1102
39035161000,Census Tract 1610; Cuyahoga County; Ohio,1828,111071,81,761,409,182,1334
39035161100,Census Tract 1611; Cuyahoga County; Ohio,3567,91429,98,1706,984,136,1316
39035161200,Census Tract 1612; Cuyahoga County; Ohio,2974,83266,214,1240,851,389,1298
39035161300,Census Tract 1613; Cuyahoga County; Ohio,2817,67125,438,1099,717,349,1009
39035161400,Census Tract 1614; Cuyahoga County; Ohio,3142,89931,159,1233,768,379,1175
39035161500,Census Tract 1615; Cuyahoga County; Ohio,3924,80539,608,1332,873,501,1142
39035161600,Census Tract 1616; Cuyahoga County; Ohio,2104,77115,234,582,355,525,931
39035161900,Census Tract 1619; Cuyahoga County; Ohio,2485,65708,323,1122,409,227,988
39035170101,Census Tract 1701.01; Cuyahoga County; Ohio,3210,55474,351,1381,1047,953,1182
39035170102,Census Tract 1701.02; Cuyahoga County; Ohio,4523,101349,109,2051,1666,960,1211
39035170201,Census Tract 1702.01; Cuyahoga County; Ohio,2160,116563,83,1216,1044,296,1341
39035170202,Census Tract 1702.02; Cuyahoga County; Ohio,3908,91225,92,1904,1454,571,1529
39035171102,Census Tract 1711.02; Cuyahoga County; Ohio,5014,69286,810,308,1289,4640,1397
39035171103,Census Tract 1711.03; Cuyahoga County; Ohio,3102,48125,986,471,770,2681,946
39035171104,Census Tract 1711.04; Cuyahoga County; Ohio,4777,47603,1737,433,916,4258,1384
39035171203,Census Tract 1712.03; Cuyahoga County; Ohio,3550,44403,1228,360,826,2314,1630
39035171204,Census Tract 1712.04; Cuyahoga County; Ohio,2061,48994,390,203,536,1676,1010
39035171205,Census Tract 1712.05; Cuyahoga County; Ohio,2535,50246,582,288,681,1913,840
39035171206,Census Tract 1712.06; Cuyahoga County; Ohio,2219,71146,119,376,814,870,1424
39035172101,Census Tract 1721.01; Cuyahoga County; Ohio,2338,82700,91,784,897,514,1449
39035172102,Census Tract 1721.02; Cuyahoga County; Ohio,3906,88077,319,1251,1184,1074,1558
39035172104,Census Tract 1721.04; Cuyahoga County; Ohio,1678,72866,95,749,356,1115,1185
39035172105,Census Tract 1721.05; Cuyahoga County; Ohio,3852,50976,395,1084,235,2000,1128
39035172201,Census Tract 1722.01; Cuyahoga County; Ohio,3772,79987,159,953,1276,1063,1163
39035172202,Census Tract 1722.02; Cuyahoga County; Ohio,4476,48986,634,1617,1114,2343,999
39035173103,Census Tract 1731.03; Cuyahoga County; Ohio,2980,80875,107,723,946,328,889
39035173104,Census Tract 1731.04; Cuyahoga County; Ohio,4027,74092,289,980,1894,679,1559
39035173105,Census Tract 1731.05; Cuyahoga County; Ohio,2184,83958,53,594,883,173,NA
39035173106,Census Tract 1731.06; Cuyahoga County; Ohio,3851,77234,216,1354,683,1442,1147
39035173107,Census Tract 1731.07; Cuyahoga County; Ohio,2744,83839,53,651,868,367,924
39035174103,Census Tract 1741.03; Cuyahoga County; Ohio,2798,94786,347,780,1108,343,NA
39035174104,Census Tract 1741.04; Cuyahoga County; Ohio,2466,97356,169,654,803,185,1150
39035174105,Census Tract 1741.05; Cuyahoga County; Ohio,2757,102000,117,900,1034,248,1597
39035174106,Census Tract 1741.06; Cuyahoga County; Ohio,3062,72701,502,609,882,557,1311
39035174107,Census Tract 1741.07; Cuyahoga County; Ohio,4523,100411,145,993,1669,543,1215
39035174203,Census Tract 1742.03; Cuyahoga County; Ohio,2624,94653,130,769,1121,103,1157
39035174204,Census Tract 1742.04; Cuyahoga County; Ohio,3790,114773,204,649,1346,575,NA
39035174205,Census Tract 1742.05; Cuyahoga County; Ohio,3997,58590,391,1174,1080,538,1159
39035174206,Census Tract 1742.06; Cuyahoga County; Ohio,2865,64388,363,379,658,1056,1089
39035174207,Census Tract 1742.07; Cuyahoga County; Ohio,3042,70985,247,596,995,412,856
39035175105,Census Tract 1751.05; Cuyahoga County; Ohio,4725,105662,124,1570,1689,457,895
39035175106,Census Tract 1751.06; Cuyahoga County; Ohio,2653,115625,200,933,971,275,NA
39035175107,Census Tract 1751.07; Cuyahoga County; Ohio,3531,91615,135,1117,1258,296,1676
39035175108,Census Tract 1751.08; Cuyahoga County; Ohio,2972,48098,298,640,385,732,1201
39035175109,Census Tract 1751.09; Cuyahoga County; Ohio,2403,113977,162,800,861,111,1563
39035175110,Census Tract 1751.10; Cuyahoga County; Ohio,5393,65448,424,1214,1486,973,1344
39035175201,Census Tract 1752.01; Cuyahoga County; Ohio,5987,91756,273,1698,2081,760,922
39035175202,Census Tract 1752.02; Cuyahoga County; Ohio,3308,62500,158,812,892,201,956
39035176100,Census Tract 1761; Cuyahoga County; Ohio,2211,99722,121,566,817,224,1621
39035176200,Census Tract 1762; Cuyahoga County; Ohio,5287,89889,386,1494,1900,680,1218
39035177101,Census Tract 1771.01; Cuyahoga County; Ohio,4152,41786,953,477,792,1468,1078
39035177103,Census Tract 1771.03; Cuyahoga County; Ohio,4474,66429,506,794,1162,1055,953
39035177104,Census Tract 1771.04; Cuyahoga County; Ohio,3060,74722,295,378,1147,514,1194
39035177201,Census Tract 1772.01; Cuyahoga County; Ohio,3862,73892,249,641,1373,1000,1170
39035177202,Census Tract 1772.02; Cuyahoga County; Ohio,3306,74063,324,530,1124,561,1135
39035177302,Census Tract 1773.02; Cuyahoga County; Ohio,2399,61627,122,455,766,275,1120
39035177303,Census Tract 1773.03; Cuyahoga County; Ohio,4920,61689,688,905,1829,445,1213
39035177304,Census Tract 1773.04; Cuyahoga County; Ohio,3542,51320,749,733,720,1243,1089
39035177403,Census Tract 1774.03; Cuyahoga County; Ohio,2971,71597,212,596,1030,373,1416
39035177404,Census Tract 1774.04; Cuyahoga County; Ohio,3040,78462,260,616,886,652,1706
39035177405,Census Tract 1774.05; Cuyahoga County; Ohio,4674,77969,433,897,1525,908,877
39035177406,Census Tract 1774.06; Cuyahoga County; Ohio,3540,74817,196,699,1184,480,1313
39035177501,Census Tract 1775.01; Cuyahoga County; Ohio,4567,70156,496,703,1398,506,1054
39035177503,Census Tract 1775.03; Cuyahoga County; Ohio,3418,80288,356,710,1201,509,742
39035177504,Census Tract 1775.04; Cuyahoga County; Ohio,3707,77163,354,712,1439,395,882
39035177505,Census Tract 1775.05; Cuyahoga County; Ohio,4290,80167,186,1009,1500,450,1067
39035177604,Census Tract 1776.04; Cuyahoga County; Ohio,1959,82176,65,287,740,241,1266
39035177605,Census Tract 1776.05; Cuyahoga County; Ohio,2693,76856,145,512,939,302,1645
39035177606,Census Tract 1776.06; Cuyahoga County; Ohio,3298,63750,345,630,1122,740,1134
39035177607,Census Tract 1776.07; Cuyahoga County; Ohio,3603,61894,344,591,818,386,978
39035177608,Census Tract 1776.08; Cuyahoga County; Ohio,6407,57897,545,1046,1487,2589,1104
39035177609,Census Tract 1776.09; Cuyahoga County; Ohio,1988,94911,138,432,638,155,1344
39035178101,Census Tract 1781.01; Cuyahoga County; Ohio,2520,71705,180,596,938,433,1070
39035178102,Census Tract 1781.02; Cuyahoga County; Ohio,4410,63964,362,1352,948,921,1191
39035178201,Census Tract 1782.01; Cuyahoga County; Ohio,3310,61270,397,781,1157,690,1155
39035178204,Census Tract 1782.04; Cuyahoga County; Ohio,5393,46472,1453,505,680,2387,996
39035178205,Census Tract 1782.05; Cuyahoga County; Ohio,1993,84779,136,402,654,410,1272
39035178206,Census Tract 1782.06; Cuyahoga County; Ohio,2955,71964,301,509,967,718,1342
39035179101,Census Tract 1791.01; Cuyahoga County; Ohio,4077,170000,113,2364,1569,1117,NA
39035179102,Census Tract 1791.02; Cuyahoga County; Ohio,2763,250001,4,1758,1003,758,NA
39035180102,Census Tract 1801.02; Cuyahoga County; Ohio,3996,76611,405,1065,1790,2512,1705
39035180103,Census Tract 1801.03; Cuyahoga County; Ohio,3650,80899,213,1093,1315,2534,1132
39035180104,Census Tract 1801.04; Cuyahoga County; Ohio,2980,42634,398,371,132,2503,943
39035181100,Census Tract 1811; Cuyahoga County; Ohio,7356,107279,422,3775,2145,546,1022
39035181201,Census Tract 1812.01; Cuyahoga County; Ohio,6202,91620,352,2444,2121,770,868
39035181203,Census Tract 1812.03; Cuyahoga County; Ohio,2904,106250,86,1504,1099,157,1007
39035181204,Census Tract 1812.04; Cuyahoga County; Ohio,5028,77158,281,2392,1421,751,1412
39035182103,Census Tract 1821.03; Cuyahoga County; Ohio,2851,105833,192,875,1063,414,1655
39035182104,Census Tract 1821.04; Cuyahoga County; Ohio,2351,101825,49,695,962,158,NA
39035182105,Census Tract 1821.05; Cuyahoga County; Ohio,3478,93500,279,798,1271,443,1594
39035182106,Census Tract 1821.06; Cuyahoga County; Ohio,2923,94443,36,802,1308,411,NA
39035183100,Census Tract 1831; Cuyahoga County; Ohio,3294,66102,288,1701,595,1628,1033
39035183200,Census Tract 1832; Cuyahoga County; Ohio,2541,250001,72,1580,863,312,1231
39035183300,Census Tract 1833; Cuyahoga County; Ohio,4521,184063,97,2636,1529,1137,1838
39035183401,Census Tract 1834.01; Cuyahoga County; Ohio,2195,165913,66,1137,650,721,1420
39035183402,Census Tract 1834.02; Cuyahoga County; Ohio,1597,53750,320,549,395,1435,919
39035183501,Census Tract 1835.01; Cuyahoga County; Ohio,3411,95714,156,1518,667,1297,1456
39035183502,Census Tract 1835.02; Cuyahoga County; Ohio,3708,115952,409,1775,1026,1482,922
39035183603,Census Tract 1836.03; Cuyahoga County; Ohio,1355,49589,206,508,257,1308,734
39035183604,Census Tract 1836.04; Cuyahoga County; Ohio,2029,84659,363,1054,687,1486,990
39035183605,Census Tract 1836.05; Cuyahoga County; Ohio,2473,75433,357,1016,556,1045,1095
39035183606,Census Tract 1836.06; Cuyahoga County; Ohio,1798,100625,69,764,500,1092,1334
39035184103,Census Tract 1841.03; Cuyahoga County; Ohio,5172,162969,47,2214,1592,1216,1803
39035184104,Census Tract 1841.04; Cuyahoga County; Ohio,1622,115714,74,686,553,460,1114
39035184105,Census Tract 1841.05; Cuyahoga County; Ohio,4516,126500,210,2207,1218,2358,1778
39035184106,Census Tract 1841.06; Cuyahoga County; Ohio,2343,95776,177,706,792,880,1428
39035184108,Census Tract 1841.08; Cuyahoga County; Ohio,7018,137955,147,3614,2122,2463,1500
39035185101,Census Tract 1851.01; Cuyahoga County; Ohio,3175,87616,133,696,780,2947,1536
39035185102,Census Tract 1851.02; Cuyahoga County; Ohio,2718,77785,112,626,855,1820,1220
39035185103,Census Tract 1851.03; Cuyahoga County; Ohio,2275,74963,155,588,754,1293,1492
39035185104,Census Tract 1851.04; Cuyahoga County; Ohio,3568,90833,226,1460,1393,1230,1530
39035185201,Census Tract 1852.01; Cuyahoga County; Ohio,1967,46172,59,400,478,1609,1075
39035185202,Census Tract 1852.02; Cuyahoga County; Ohio,4240,81211,421,1153,1601,2319,1525
39035185203,Census Tract 1852.03; Cuyahoga County; Ohio,3591,118527,250,1295,1167,1600,2063
39035186103,Census Tract 1861.03; Cuyahoga County; Ohio,5085,96491,283,1860,1867,197,NA
39035186104,Census Tract 1861.04; Cuyahoga County; Ohio,2457,102132,229,928,1079,187,1182
39035186105,Census Tract 1861.05; Cuyahoga County; Ohio,3661,100655,113,1312,1602,343,1863
39035186106,Census Tract 1861.06; Cuyahoga County; Ohio,4851,62908,639,1582,812,1252,1149
39035186107,Census Tract 1861.07; Cuyahoga County; Ohio,6545,106210,222,2038,2494,920,2110
39035186201,Census Tract 1862.01; Cuyahoga County; Ohio,5320,78526,263,1576,1561,1216,1624
39035186202,Census Tract 1862.02; Cuyahoga County; Ohio,4226,134949,295,1758,1484,497,1792
39035186203,Census Tract 1862.03; Cuyahoga County; Ohio,3726,125313,67,1515,1415,563,NA
39035186205,Census Tract 1862.05; Cuyahoga County; Ohio,5714,128735,166,1949,1969,768,1401
39035186206,Census Tract 1862.06; Cuyahoga County; Ohio,4398,135855,133,1829,1393,391,1151
39035187103,Census Tract 1871.03; Cuyahoga County; Ohio,2881,105357,434,1121,827,1646,1543
39035187104,Census Tract 1871.04; Cuyahoga County; Ohio,3064,120141,218,1500,905,851,1720
39035187105,Census Tract 1871.05; Cuyahoga County; Ohio,2923,97188,431,1081,619,426,1111
39035187106,Census Tract 1871.06; Cuyahoga County; Ohio,4526,77014,274,1486,822,1052,1489
39035188103,Census Tract 1881.03; Cuyahoga County; Ohio,2993,59300,309,690,1012,2920,1357
39035188106,Census Tract 1881.06; Cuyahoga County; Ohio,2704,50660,777,496,580,2555,1101
39035188107,Census Tract 1881.07; Cuyahoga County; Ohio,2466,52540,418,502,202,2379,1004
39035189105,Census Tract 1891.05; Cuyahoga County; Ohio,3658,99938,243,1459,1344,494,1722
39035189107,Census Tract 1891.07; Cuyahoga County; Ohio,5069,115000,140,2308,1867,310,1974
39035189108,Census Tract 1891.08; Cuyahoga County; Ohio,4875,145650,271,2260,1662,656,2601
39035189109,Census Tract 1891.09; Cuyahoga County; Ohio,3899,88250,150,1550,1226,558,1244
39035189110,Census Tract 1891.10; Cuyahoga County; Ohio,4821,84497,270,2038,1095,812,1600
39035189111,Census Tract 1891.11; Cuyahoga County; Ohio,7260,117054,441,3488,1841,1518,1507
39035189112,Census Tract 1891.12; Cuyahoga County; Ohio,4522,142083,110,2028,1508,646,1811
39035190502,Census Tract 1905.02; Cuyahoga County; Ohio,2168,53613,140,490,1081,93,1800
39035190503,Census Tract 1905.03; Cuyahoga County; Ohio,1706,106563,53,505,602,87,884
39035190505,Census Tract 1905.05; Cuyahoga County; Ohio,6873,158776,258,2436,1752,1332,1543
39035190506,Census Tract 1905.06; Cuyahoga County; Ohio,4917,96244,381,1437,1108,981,1313
39035192300,Census Tract 1923; Cuyahoga County; Ohio,1501,96786,58,370,527,125,1148
39035192800,Census Tract 1928; Cuyahoga County; Ohio,1452,137500,64,888,579,366,1125
39035192900,Census Tract 1929; Cuyahoga County; Ohio,1925,110125,81,632,746,181,979
39035194100,Census Tract 1941; Cuyahoga County; Ohio,2010,106055,151,599,882,308,863
39035194300,Census Tract 1943; Cuyahoga County; Ohio,3321,125962,137,1195,1139,222,1687
39035194500,Census Tract 1945; Cuyahoga County; Ohio,2207,231250,135,1256,820,204,3111
39035195600,Census Tract 1956; Cuyahoga County; Ohio,4732,54281,243,834,1462,4267,876
39035195700,Census Tract 1957; Cuyahoga County; Ohio,4276,68179,803,690,1183,2395,1109
39035195800,Census Tract 1958; Cuyahoga County; Ohio,3973,187561,141,1881,1450,787,2016
39035195900,Census Tract 1959; Cuyahoga County; Ohio,4264,100893,146,2297,1576,459,1140
39035196000,Census Tract 1960; Cuyahoga County; Ohio,1781,70605,212,682,490,1181,1405
39035196100,Census Tract 1961; Cuyahoga County; Ohio,2500,68023,215,346,623,566,1174
39035196200,Census Tract 1962; Cuyahoga County; Ohio,3510,23492,1440,523,160,3236,1067
39035196300,Census Tract 1963; Cuyahoga County; Ohio,4144,186619,184,2261,1577,455,1768
39035196400,Census Tract 1964; Cuyahoga County; Ohio,2720,37398,1314,352,512,1769,978
39035196800,Census Tract 1968; Cuyahoga County; Ohio,4625,50859,526,833,79,2348,1683
39035197000,Census Tract 1970; Cuyahoga County; Ohio,3281,50060,491,366,537,3026,1065
39035197100,Census Tract 1971; Cuyahoga County; Ohio,4126,135114,620,2029,1439,1561,1481
39035197200,Census Tract 1972; Cuyahoga County; Ohio,2144,15147,1268,256,256,1906,728
39035197300,Census Tract 1973; Cuyahoga County; Ohio,3144,52898,486,654,269,1442,935
39035197400,Census Tract 1974; Cuyahoga County; Ohio,3805,43913,750,447,823,1989,999
39035197500,Census Tract 1975; Cuyahoga County; Ohio,3506,53669,563,1338,674,1262,1248
39035197600,Census Tract 1976; Cuyahoga County; Ohio,3564,40853,1013,327,484,2626,898
39035197700,Census Tract 1977; Cuyahoga County; Ohio,3168,73184,849,1105,709,1197,1314
39035197800,Census Tract 1978; Cuyahoga County; Ohio,3389,86848,351,2098,442,979,1466
39035197900,Census Tract 1979; Cuyahoga County; Ohio,1689,29438,755,177,281,1179,705
39035198000,Census Tract 1980; Cuyahoga County; Ohio,2143,25357,1131,96,555,1558,561
39035198100,Census Tract 1981; Cuyahoga County; Ohio,2263,27459,979,100,294,1793,822
39035198200,Census Tract 1982; Cuyahoga County; Ohio,3573,35028,1164,288,697,3418,784
39035198300,Census Tract 1983; Cuyahoga County; Ohio,3792,41039,1141,413,591,3496,933
39035198400,Census Tract 1984; Cuyahoga County; Ohio,2706,15508,1669,220,319,2630,282
39035198500,Census Tract 1985; Cuyahoga County; Ohio,1784,38083,500,53,283,1767,1163
39035198600,Census Tract 1986; Cuyahoga County; Ohio,4354,29010,2079,641,426,3801,479
39035198700,Census Tract 1987; Cuyahoga County; Ohio,1740,20893,518,119,291,1682,584
39035198800,Census Tract 1988; Cuyahoga County; Ohio,1870,34623,488,181,190,1685,824
39035198900,Census Tract 1989; Cuyahoga County; Ohio,1847,24627,897,92,195,1231,930
39035199000,Census Tract 1990; Cuyahoga County; Ohio,1280,29861,491,107,287,1251,952
39035199100,Census Tract 1991; Cuyahoga County; Ohio,1802,41413,238,219,552,1728,879
39035199200,Census Tract 1992; Cuyahoga County; Ohio,1525,31250,443,111,353,1485,937
39035199300,Census Tract 1993; Cuyahoga County; Ohio,1347,25938,701,94,337,1304,921
39035980100,Census Tract 9801; Cuyahoga County; Ohio,0,NA,0,0,0,0,NA
39035980200,Census Tract 9802; Cuyahoga County; Ohio,0,NA,0,0,0,0,NA
39035980500,Census Tract 9805; Cuyahoga County; Ohio,0,NA,0,0,0,0,NA
39035980900,Census Tract 9809; Cuyahoga County; Ohio,0,NA,0,0,0,0,NA
39035981000,Census Tract 9810; Cuyahoga County; Ohio,36,NA,0,0,0,12,NA
39035981100,Census Tract 9811; Cuyahoga County; Ohio,0,NA,0,0,0,0,NA
39035990000,Census Tract 9900; Cuyahoga County; Ohio,0,NA,0,0,0,0,NA
